protein	pos	wt	mt	Grantham	Sneath	Epstein	Miyata	Blo62	Neighb1	Neighb2	PfamHit	helix	strand	E_dist	T_dist	H_dist	pph2_dScore	pph2_Score1	pph2_Nobs	pph2_IdPmax	pph2_IdQmin	pph2_prob	is_del_pph2	is_del
P07371	102	E	A	107	34	0.61	2.46	-1	138	134	1	1	0	3.02	0.68	3.5	2.583	-0.762	942.0	5.715	81.78	0.995	1	1
P07371	102	E	Q	29	14	0.0	0.84	2	138	134	1	1	0	3.02	0.68	3.5	2.036	-0.762	942.0	17.496	81.78	0.9890000000000001	1	1
P07371	105	H	A	86	29	0.42	2.17	-2	94	84	1	1	0	3.22	1.23	2.1	2.583	-0.9990000000000001	946.0	5.812	79.55	0.997	1	1
P07371	105	H	F	100	18	0.8	2.63	-1	94	84	1	1	0	3.22	1.23	2.1	3.202	-0.9990000000000001	946.0	7.712999999999999	79.55	0.9990000000000001	1	1
P07371	105	H	L	99	25	1.0	2.59	-3	94	84	1	1	0	3.22	1.23	2.1	2.843	-0.9990000000000001	946.0	5.196000000000001	79.55	0.998	1	1
P07371	168	Q	A	91	26	0.61	1.92	-1	96	109	1	1	0	3.99	0.01	5.8	1.305	-1.7080000000000002	940.0	10.552999999999999	44.24	0.748	1	1
P07371	168	Q	E	29	14	0.0	0.84	2	96	109	1	1	0	3.99	0.01	5.8	0.131	-1.7080000000000002	940.0	16.454	44.24	0.032	0	1
P07371	168	Q	S	68	21	0.22	1.65	0	96	109	1	1	0	3.99	0.01	5.8	1.265	-1.7080000000000002	940.0	15.452	44.24	0.505	1	1
P07371	176	E	A	107	34	0.61	2.46	-1	121	122	1	0	0	2.51	4.45	1.56	2.27	-1.193	957.0	4.752	52.04	0.996	1	1
P07371	217	E	A	107	34	0.61	2.46	-1	138	121	1	1	0	3.51	0.4	4.82	2.639	-0.667	963.0	3.597	85.13	0.991	1	1
P07371	220	N	A	111	25	0.61	1.78	-2	94	153	1	0	0	4.18	2.07	0.7	2.6639999999999997	-0.899	963.0	4.792	84.76	0.8109999999999999	1	1
P07371	234	Q	E	29	14	0.0	0.84	2	96	116	1	1	0	4.47	0.01	5.76	1.703	-0.9329999999999999	951.0	9.276	67.29	0.987	1	1
P07371	234	Q	S	68	21	0.22	1.65	0	96	116	1	1	0	4.47	0.01	5.76	2.0380000000000003	-0.9329999999999999	951.0	14.798	67.29	0.995	1	1
P07371	234	Q	L	113	22	1.0	2.7	-2	96	116	1	1	0	4.47	0.01	5.76	2.745	-0.9329999999999999	951.0	2.8539999999999996	67.29	0.9990000000000001	1	1
P07371	249	H	A	86	29	0.42	2.17	-2	99	86	0	1	0	3.93	0.4	4.16	2.54	-0.996	910.0	4.827	55.39	1.0	1	1
P07371	249	H	F	100	18	0.8	2.63	-1	99	86	0	1	0	3.93	0.4	4.16	1.87	-0.996	910.0	17.768	55.39	0.998	1	1
P07371	249	H	L	99	25	1.0	2.59	-3	99	86	0	1	0	3.93	0.4	4.16	2.6689999999999996	-0.996	910.0	5.263999999999999	55.39	0.9990000000000001	1	1
P18823	233	C	A	195	13	0.25	1.39	0	194	170	0	0	0	3.34	4.27	0.31	1.68	-1.182	286.0	0.37799999999999995	7.46	1.0	1	1
P18823	249	C	A	195	13	0.25	1.39	0	198	174	0	0	0	2.98	4.24	1.36	1.704	-1.128	291.0	0.33899999999999997	6.78	1.0	1	1
P18823	252	C	A	195	13	0.25	1.39	0	174	170	0	0	0	3.85	4.95	0.3	1.68	-1.182	291.0	0.33899999999999997	5.08	1.0	1	1
P18823	442	C	A	195	13	0.25	1.39	0	192	196	1	1	0	3.05	1.41	2.75	-1.038	-3.324	897.0	5.792999999999999	26.44	0.006	0	1
P18823	466	C	A	195	13	0.25	1.39	0	195	198	1	0	1	0.16	7.46	4.82	0.19899999999999998	-1.902	993.0	5.204	15.08	0.064	0	1
Q41009	128	R	A	112	37	0.62	2.92	-1	102	96	1	0	0	3.48	6.51	0.22	2.006	-1.22	190.0	1.903	15.48	1.0	1	1
Q43088	281	E	Q	29	14	0.0	0.84	2	98	121	1	0	0	2.76	5.97	0.21	1.1840000000000002	-1.367	88.0	11.593	80.37	0.727	1	1
P10933	360	Y	F	22	13	0.2	0.48	3	55	122	0	0	0	3.51	7.11	0.04	1.6130000000000002	-0.7559999999999999	689.0	8.03	16.39	0.9990000000000001	1	1
P10933	360	Y	G	147	36	0.36	4.08	-3	55	122	0	0	0	3.51	7.11	0.04	3.022	-0.7559999999999999	689.0	0.526	16.39	1.0	1	1
P10933	360	Y	S	144	29	0.62	3.33	-2	55	122	0	0	0	3.51	7.11	0.04	3.073	-0.7559999999999999	689.0	0.525	16.39	1.0	1	1
P10933	360	Y	W	37	21	0.1	1.06	2	55	122	0	0	0	3.51	7.11	0.04	2.469	-0.7559999999999999	689.0	8.138	16.39	1.0	1	1
Q43715	131	A	P	27	16	0.41	0.06	-1	126	107	0	0	0	3.42	6.08	0.19	2.059	-1.5130000000000001	26.0	1.4680000000000002	54.88	0.998	1	1
Q43715	132	D	N	23	14	0.0	0.65	1	126	168	0	0	0	3.71	5.93	0.03	1.758	-1.399	26.0	2.9360000000000004	69.96	0.863	1	1
Q43715	133	E	Q	29	14	0.0	0.84	2	93	107	0	0	0	3.83	5.84	0.04	1.8019999999999998	-1.6019999999999999	26.0	2.15	69.96	0.7709999999999999	1	1
O24648	89	L	F	22	19	0.15	0.63	0	145	5	1	1	0	4.61	0.05	5.56	1.163	-2.4330000000000003	969.0	17.521	71.66	0.028999999999999998	0	1
O24648	229	A	T	58	20	0.41	0.9	0	96	86	1	0	0	2.48	4.71	1.88	0.37799999999999995	-2.19	984.0	7.89	21.39	0.139	0	1
O24648	276	H	Y	83	23	0.6	2.27	2	100	99	1	1	0	3.89	0.03	5.61	2.162	-2.219	981.0	1.171	27.81	0.9890000000000001	1	1
Q9XH46	60	G	C	159	21	0.34	2.22	-3	153	153	0	0	0	2.81	5.42	1.0	3.892	-1.3880000000000001	345.0	0.42200000000000004	23.36	1.0	1	1
Q9XH46	62	G	C	159	21	0.34	2.22	-3	138	42	1	0	0	4.3	4.84	0.21	3.884	-1.1740000000000002	420.0	0.39899999999999997	18.98	1.0	1	1
Q9XH46	64	P	C	169	25	0.2	1.33	-3	93	98	1	1	0	3.94	0.11	4.32	3.305	-1.999	424.0	0.414	18.98	1.0	1	1
Q9XH46	65	E	A	107	34	0.61	2.46	-1	138	121	1	1	0	4.13	0.13	4.84	1.8619999999999999	-1.492	428.0	2.472	18.98	0.9990000000000001	1	1
Q9XH46	65	E	D	45	7	0.03	0.9	2	138	121	1	1	0	4.13	0.13	4.84	1.0290000000000001	-1.492	428.0	6.66	18.98	0.9790000000000001	1	1
Q9XH46	65	E	Q	29	14	0.0	0.84	2	138	121	1	1	0	4.13	0.13	4.84	0.8340000000000001	-1.492	428.0	4.372	18.98	0.976	1	1
Q41008	297	C	A	195	13	0.25	1.39	0	195	198	0	0	0	3.66	1.98	1.84	-0.353	-2.6210000000000004	999.0	4.933	19.77	0.006	0	1
Q41008	317	C	A	195	13	0.25	1.39	0	195	195	0	1	0	3.72	1.58	4.0	0.069	-1.6230000000000002	999.0	5.23	18.06	0.133	0	1
Q6RET6	24	S	F	155	25	0.81	3.45	-2	155	124	0	0	0	1.36	6.75	1.01	2.938	-1.37	251.0	0.644	20.68	1.0	1	1
Q6RET6	202	G	R	125	43	0.61	3.58	-2	153	94	1	0	0	2.69	5.5	0.69	3.647	-0.514	984.0	0.415	26.0	1.0	1	1
P17067	159	C	S	112	13	0.6	2.84	-1	195	205	1	0	1	0.52	6.09	2.57	2.8560000000000003	-0.722	977.0	0.584	23.78	1.0	1	1
P17067	168	H	N	68	24	0.21	1.29	1	89	99	1	1	0	3.6	0.5	3.75	0.436	-2.947	981.0	11.877	27.74	0.036000000000000004	0	1
P17067	203	E	A	107	34	0.61	2.46	-1	134	107	1	1	0	3.87	0.1	6.11	1.469	-1.2919999999999998	986.0	5.652	28.35	1.0	1	1
P17067	208	H	N	68	24	0.21	1.29	1	99	84	1	1	0	3.85	0.12	3.87	0.534	-2.475	987.0	8.401	33.84	0.071	0	1
P17067	222	C	S	112	13	0.6	2.84	-1	195	159	1	0	0	3.74	2.69	1.22	2.8560000000000003	-0.722	985.0	0.522	20.73	1.0	1	1
P17067	275	E	A	107	34	0.61	2.46	-1	107	121	1	1	0	4.22	0.05	5.44	0.371	-2.122	872.0	19.87	68.6	0.11599999999999999	0	1
Q94G16	96	E	Q	29	14	0.0	0.84	2	107	138	1	1	0	3.97	0.28	3.26	2.49	-0.934	249.0	0.304	9.2	1.0	1	1
Q8LKZ1	604	G	E	98	37	0.56	2.78	-2	98	153	1	0	0	2.98	7.48	0.17	3.387	-0.52	890.0	1.4580000000000002	29.87	1.0	1	1
Q8LKZ1	739	D	N	23	14	0.0	0.65	1	177	152	1	0	1	1.14	6.68	1.8	2.895	-0.611	889.0	1.1520000000000001	13.74	1.0	1	1
Q9MUK5	516	N	A	111	25	0.61	1.78	-2	86	143	0	1	0	4.33	0.07	5.28	2.362	-0.915	428.0	0.23	5.06	1.0	1	1
Q9MUK5	550	R	A	112	37	0.62	2.92	-1	97	125	1	1	0	4.16	0.03	5.31	2.053	-1.12	427.0	0.37799999999999995	8.94	1.0	1	1
Q41050	71	C	S	112	13	0.6	2.84	-1	202	202	1	1	0	4.27	0.44	3.72	0.129	-2.158	67.0	6.176	81.51	0.026000000000000002	0	1
Q4VY51	305	D	V	152	28	1.0	3.4	-3	126	152	0	0	0	1.68	5.46	1.11	2.435	-1.167	90.0	2.162	31.66	0.9990000000000001	1	1
Q4VY51	306	A	V	64	12	0.41	1.85	0	126	111	0	0	0	2.79	5.18	0.18	1.69	-1.7590000000000001	91.0	3.342	67.23	0.785	1	1
Q4VY51	351	R	I	97	34	1.0	2.49	-3	102	125	0	1	0	4.02	0.39	4.5	2.2119999999999997	-1.669	102.0	1.536	57.05	0.998	1	1
A0A109QYD3	15	G	D	94	33	0.54	2.37	-1	98	109	0	0	0	1.16	11.6	0.94	2.197	-0.8140000000000001	322.0	5.646	31.46	1.0	1	1
A0A109QYD3	28	G	D	94	33	0.54	2.37	-1	153	94	1	0	0	4.02	6.19	0.03	2.8369999999999997	-1.088	395.0	0.716	20.22	1.0	1	1
A0A109QYD3	96	S	F	155	25	0.81	3.45	-2	142	56	1	0	0	4.05	6.77	0.05	3.4139999999999997	-0.981	399.0	0.99	47.57	1.0	1	1
P29500	214	I	T	89	21	0.8	2.14	-1	97	102	0	1	0	3.91	0.43	3.0	-2.556	-3.469	843.0	22.131999999999998	90.0	0.0	0	0
P04717	262	V	A	64	12	0.4	1.85	0	109	32	1	0	0	4.23	6.05	0.0	0.179	-1.703	95.0	27.259	94.11	0.001	0	0
P0DH60	170	I	M	10	22	0.05	0.29	1	142	109	1	1	0	3.68	0.38	4.0	0.647	-2.2230000000000003	818.0	14.038	86.67	0.037000000000000005	0	0
P05493	83	S	A	99	16	0.4	0.51	1	142	121	1	0	0	3.39	5.96	0.12	-0.35100000000000003	-2.573	329.0	26.851999999999997	76.53	0.0	0	0
P29500	221	S	T	58	12	0.03	0.89	1	155	56	0	0	0	3.73	5.82	0.14	-0.384	-2.008	844.0	22.131999999999998	90.0	0.001	0	0
P06004	463	F	L	22	19	0.08	0.63	0	177	114	1	0	0	3.82	4.18	0.26	0.006999999999999999	-2.76	201.0	35.010999999999996	91.12	0.0	0	0
O24305	244	G	S	56	19	0.32	0.85	0	109	153	1	0	0	2.13	7.39	0.52	0.764	-1.4480000000000002	837.0	10.690999999999999	27.78	0.981	1	0
P06006	146	A	S	99	16	0.4	0.51	1	113	99	1	1	0	3.73	0.19	5.25	1.207	-0.97	718.0	14.205	64.59	0.9229999999999999	1	0
P06585	19	N	D	23	14	0.0	0.65	1	174	158	0	1	0	4.07	0.05	4.9	0.07400000000000001	-2.3080000000000003	397.0	37.312	94.05	0.0	0	0
Q04593	243	R	K	26	14	0.05	0.4	2	112	112	1	1	0	4.26	0.01	5.49	-0.085	-2.637	820.0	25.794	93.09	0.0	0	0
P08215	47	D	E	45	7	0.03	0.9	2	152	172	1	0	0	3.59	2.91	1.6	-0.016	-2.327	990.0	27.927	94.01	0.0	0	0
P12886	115	D	N	23	14	0.0	0.65	1	172	172	1	0	0	3.27	4.88	0.4	0.97	-2.2230000000000003	983.0	26.921	88.16	0.001	0	0
P06527	10	T	N	65	19	0.2	1.4	0	92	85	0	0	0	4.13	6.42	0.0	0.047	-2.1069999999999998	209.0	29.693	93.75	0.0	0	0
A7VLV2	12	S	T	58	12	0.03	0.89	1	121	155	0	0	0	2.63	4.02	1.18	0.5720000000000001	-1.702	28.0	16.176	64.26	0.06	0	0
O48668	97	R	K	26	14	0.05	0.4	2	125	96	1	0	0	3.71	2.31	0.95	-1.151	-3.12	152.0	23.184	83.67	0.0	0	0
Q41011	180	E	K	56	26	0.0	1.14	1	121	138	1	1	0	3.99	0.79	3.24	-1.115	-2.31	990.0	25.351999999999997	66.22	0.0	0	0
P0DH60	277	K	N	94	27	0.03	1.84	0	121	107	1	1	0	4.35	0.01	5.53	-0.486	-2.12	798.0	27.449	86.67	0.017	0	0
P06006	149	G	A	60	9	0.1	0.91	0	56	153	1	1	0	4.12	0.12	4.73	-0.282	-1.4669999999999999	718.0	27.160999999999998	93.77	0.001	0	0
P46259	385	A	V	64	12	0.41	1.85	0	107	99	1	1	0	3.89	0.01	4.99	1.0070000000000001	-1.375	842.0	24.183000000000003	90.04	0.24	0	0
Q9XQR2	212	F	S	155	25	0.81	3.45	-2	153	153	0	0	0	3.94	6.04	0.03	-1.595	-3.178	675.0	20.656	92.52	0.0	0	0
P05692	354	S	R	110	37	0.24	2.74	-1	142	110	1	0	1	0.14	6.46	4.79	0.958	-1.97	341.0	13.132	8.55	0.608	1	0
Q43066	61	D	N	23	14	0.0	0.65	1	85	126	1	0	0	3.37	5.96	0.07	-0.35	-2.661	910.0	29.543000000000003	93.28	0.0	0	0
P08215	11	Q	K	53	21	0.0	1.06	1	109	109	0	1	0	4.04	0.01	5.97	-0.28800000000000003	-2.7460000000000004	961.0	26.048000000000002	94.01	0.0	0	0
P06004	277	G	A	60	9	0.1	0.91	0	138	138	1	1	0	4.04	0.04	5.13	0.292	-1.39	585.0	27.129	80.55	0.095	0	0
O23883	234	N	K	94	27	0.03	1.84	0	91	149	0	0	0	3.41	4.13	0.77	-0.7879999999999999	-2.57	959.0	25.855	72.75	0.0	0	0
Q04593	154	S	T	58	12	0.03	0.89	1	80	46	1	0	0	3.94	5.87	0.08	0.011000000000000001	-2.342	527.0	22.893	93.09	0.0	0	0
P05310	44	I	L	5	5	0.0	0.14	2	94	102	1	1	0	3.5	1.63	2.29	-1.087	-2.128	322.0	34.53	87.86	0.0	0	0
P29501	294	S	A	99	16	0.4	0.51	1	121	177	1	0	0	4.18	3.12	0.78	-0.625	-2.035	838.0	26.115	90.16	0.0	0	0
Q43087	60	K	S	121	31	0.22	2.71	0	107	94	0	0	1	1.11	5.61	2.14	0.38299999999999995	-2.305	21.0	16.623	83.64	0.002	0	0
Q01861	669	R	K	26	14	0.05	0.4	2	97	102	0	1	0	3.33	0.13	5.79	-0.078	-2.101	413.0	25.906	93.5	0.0	0	0
P29502	348	A	P	27	16	0.41	0.06	-1	94	126	1	0	0	3.64	7.29	0.0	-0.741	-1.806	812.0	44.526	84.55	0.005	0	0
P08281	238	I	L	5	5	0.0	0.14	2	198	94	1	1	0	3.97	0.0	5.39	-0.9259999999999999	-2.138	947.0	34.495	20.7	0.002	0	0
P06004	349	V	I	29	7	0.05	0.85	3	121	109	1	0	1	0.03	6.27	5.57	-0.365	-1.579	535.0	25.430999999999997	61.52	0.047	0	0
O24305	120	L	V	32	9	0.03	0.91	1	145	145	0	1	0	3.63	0.4	4.17	0.6779999999999999	-1.865	752.0	15.815999999999999	89.72	0.013000000000000001	0	0
Q3LSN4	210	T	M	81	25	0.8	1.86	-1	92	89	1	0	0	3.0	8.09	0.32	0.879	-1.93	992.0	14.56	91.76	0.003	0	0
P13239	29	T	N	65	19	0.2	1.4	0	92	58	1	1	0	3.66	1.94	2.07	-0.355	-2.036	593.0	26.294	61.64	0.005	0	0
P62931	89	K	N	94	27	0.03	1.84	0	127	202	1	0	0	3.16	6.48	0.21	-0.898	-2.3930000000000002	62.0	29.479	93.08	0.0	0	0
Q01861	12	N	S	46	15	0.21	1.31	1	80	143	0	0	0	4.18	4.95	0.1	0.696	-1.7409999999999999	94.0	19.468	88.52	0.001	0	0
P06004	379	R	K	26	14	0.05	0.4	2	110	102	1	1	0	3.96	0.62	4.0	-0.968	-2.035	486.0	25.95	80.55	0.002	0	0
O48668	33	I	V	29	7	0.03	0.85	3	5	134	1	1	0	4.21	0.01	5.27	0.359	-1.4240000000000002	145.0	21.428	79.59	0.011000000000000001	0	0
P29502	359	I	V	29	7	0.03	0.85	3	135	149	1	0	1	0.79	3.77	4.82	0.245	-1.626	810.0	24.230999999999998	90.0	0.003	0	0
Q04593	20	L	V	32	9	0.03	0.91	1	198	153	0	0	1	1.18	6.06	2.32	0.35700000000000004	-2.12	96.0	23.502	86.88	0.001	0	0
O80405	84	V	L	32	9	0.05	0.91	1	109	152	1	1	0	3.41	0.51	4.36	0.397	-1.671	146.0	34.98	93.15	0.0	0	0
P08281	52	V	I	29	7	0.05	0.85	3	133	124	0	0	1	1.43	5.99	1.8	0.534	-2.177	91.0	24.943	91.86	0.001	0	0
P15838	220	F	Y	22	13	0.21	0.48	3	177	140	0	1	0	3.94	0.04	5.05	1.135	-2.166	260.0	5.6770000000000005	23.08	0.331	0	0
Q8LSN3	219	S	T	58	12	0.03	0.89	1	80	155	1	1	0	4.35	0.0	5.58	0.11	-2.657	979.0	22.643	93.4	0.0	0	0
Q01861	156	S	T	58	12	0.03	0.89	1	89	80	1	0	0	3.78	6.61	0.03	0.633	-2.037	635.0	21.088	93.5	0.001	0	0
P12886	338	K	Q	53	21	0.0	1.06	1	85	97	1	1	0	3.89	0.0	5.18	0.44299999999999995	-1.9769999999999999	868.0	19.648	93.42	0.002	0	0
P14710	135	T	S	58	12	0.03	0.89	1	85	92	1	1	0	4.06	0.28	3.73	-0.047	-2.847	596.0	18.791	85.44	0.0	0	0
Q01517	89	V	I	29	7	0.05	0.85	3	121	96	1	1	0	4.02	0.04	5.76	0.01	-3.056	867.0	25.441	93.7	0.0	0	0
Q06060	334	Q	K	53	21	0.0	1.06	1	43	109	1	0	0	3.86	2.41	1.59	-0.893	-2.648	967.0	20.183	86.8	0.0	0	0
P06004	185	I	V	29	7	0.03	0.85	3	135	168	1	0	1	0.94	5.89	2.11	-0.35	-1.9580000000000002	587.0	25.215	82.66	0.002	0	0
P35450	129	R	K	26	14	0.05	0.4	2	96	125	1	1	0	4.09	0.24	4.31	-0.313	-2.005	987.0	25.939	93.62	0.0	0	0
Q35638	164	Q	E	29	14	0.0	0.84	2	46	96	1	0	0	3.77	5.14	0.15	-0.132	-2.523	927.0	15.682	91.37	0.0	0	0
O23884	273	A	G	60	9	0.1	0.91	0	94	64	1	1	0	4.04	0.14	5.82	-0.637	-2.515	958.0	47.84	93.83	0.0	0	0
P29502	355	A	S	99	16	0.4	0.51	1	99	99	1	0	1	0.67	5.64	3.18	-0.031	-1.561	812.0	19.793	84.55	0.01	0	0
P08281	337	I	V	29	7	0.03	0.85	3	102	94	0	1	0	4.02	0.53	4.75	-0.632	-3.488	923.0	23.229	50.0	0.0	0	0
Q43087	83	V	I	29	7	0.05	0.85	3	121	152	1	0	0	1.84	4.65	1.08	-0.23399999999999999	-1.8769999999999998	728.0	24.825	91.43	0.0	0	0
P05310	173	V	I	29	7	0.05	0.85	3	50	64	1	1	0	4.16	0.04	5.2	0.08900000000000001	-1.962	738.0	25.469	93.8	0.0	0	0
P05693	189	G	R	125	43	0.61	3.58	-2	60	94	1	0	0	3.87	5.89	0.05	-1.777	-3.6519999999999997	319.0	29.587	86.0	0.0	0	0
P06585	135	F	Y	22	13	0.21	0.48	3	155	22	1	1	0	3.76	0.18	5.61	-0.35	-1.8159999999999998	443.0	29.491999999999997	84.7	0.002	0	0
P02857	27	Q	E	29	14	0.0	0.84	2	76	46	0	0	0	3.68	6.02	0.1	0.649	-1.63	104.0	15.800999999999998	18.18	0.34600000000000003	0	0
Q01517	331	I	Y	33	34	0.28	0.86	-1	135	168	1	0	0	2.08	6.93	0.66	0.855	-2.967	628.0	10.095	93.7	0.0	0	0
P08281	196	N	D	23	14	0.0	0.65	1	133	94	1	0	0	3.57	6.65	0.03	-0.441	-2.338	919.0	35.797	59.53	0.001	0	0
P05310	525	N	G	80	26	0.51	1.96	0	94	133	1	0	0	3.25	6.37	0.02	-0.73	-2.3930000000000002	788.0	47.824	93.8	0.0	0	0
P05037	14	V	G	109	19	0.5	2.76	-3	124	121	0	0	1	1.12	4.94	2.89	-0.036000000000000004	-2.548	415.0	47.663000000000004	92.46	0.0	0	0
P08281	156	A	Q	91	26	0.63	1.92	-1	60	107	0	0	0	3.54	6.87	0.01	0.705	-2.239	910.0	19.652	91.86	0.0	0	0
Q01517	79	V	T	69	17	0.8	1.42	0	152	124	1	0	0	3.85	3.28	0.58	-0.361	-3.063	863.0	22.9	93.12	0.0	0	0
P18823	230	C	A	195	13	0.25	1.39	0	170	192	0	0	1	1.2	6.61	1.44	1.7519999999999998	-1.01	286.0	7.924200000000001	28.137999999999998	1.0	1	1
Q43715	129	A	G	60	9	0.1	0.91	0	112	0	0	0	0	3.27	5.23	0.34	1.597	-1.088	26.0	12.0891	68.154	0.9990000000000001	1	1
Q40983	236	H	L	99	25	1.0	2.59	-3	87	94	1	1	0	3.89	0.47	4.8	2.6489999999999996	-0.9109999999999999	521.0	19.7231	58.823	1.0	1	1
Q40983	239	E	Q	29	14	0.0	0.84	2	134	126	1	1	0	4.24	0.02	5.87	2.378	-0.8240000000000001	521.0	20.8641	67.691	1.0	1	1
P17067	219	H	N	68	24	0.21	1.29	1	98	94	1	0	0	2.19	6.58	0.49	2.7060000000000004	-0.6829999999999999	987.0	15.384900000000002	58.146	1.0	1	1
P93472	24	R	K	26	14	0.05	0.4	2	101	97	0	1	0	2.89	1.2	3.47	1.865	-0.894	110.0	16.4256	74.41	1.0	1	1
